{
  "date_from_utc": "2026-02-06T00:00:00Z",
  "date_to_utc": "2026-02-08T00:00:00Z",
  "filters": {
    "market_ids": null,
    "event_ids": null
  },
  "record_count": 3281,
  "snapshot_count": 3281,
  "market_count": 141,
  "min_snapshot_at": "2026-02-06T11:54:08.556418+00:00",
  "max_snapshot_at": "2026-02-07T23:51:40.765797+00:00",
  "source": "PostgreSQL: market_derived_metrics + market_event_metadata + market_book_snapshots",
  "total_volume_field": "total_volume (market total matched at snapshot time)",
  "missing_counts": {
    "event_id": 0,
    "event_start_time_utc": 0,
    "home_team_name": 0,
    "away_team_name": 0,
    "total_volume": 0
  }
}